Year,URBANISATION,Value
2011,,13.19196
2012,,11.83037
2013,,11.64234
2014,,10.4401
2015,,10.7566
2016,,10.32813
2011,R,10.44172
2012,R,9.39654
2013,R,9.21818
2014,R,8.3128
2015,R,8.53369
2016,R,8.0852
2011,U,13.33973
2012,U,11.96116
2013,U,11.7735
2014,U,10.55544
2015,U,10.87842
2016,U,10.45108
