Year,Value
2005,36.69737
2010,41.57237
2015,47.51073
2017,51.65722
2018,52.81778
2019,52.54822
