Year,Value
2000,1.61712
2001,1.60477
2002,1.61497
2003,1.58239
2004,1.5338
2005,1.55279
2006,1.57317
2007,1.61289
2011,1.64959
2013,1.62028
2015,1.64985
2017,1.68022
