Year,Value
2013,0.66732
2014,0.55823
2015,0.49393
2016,0.5444
2017,0.61253
