Year,Value
2011,13.19196
2012,11.83037
2013,11.64234
2014,10.4401
2015,10.7566
2016,10.32813
