Year,Value
2000,85.6011
2010,85.56868
2015,85.56103
2018,85.5756
