Year,Value
2000,97.74716
2001,97.67889
2002,99.93596
2003,94.81344
2004,93.8931
2005,91.72227
2006,89.44449
2007,89.70832
2008,97.65107
2009,99.39399
2010,99.06167
2011,99.61698
2012,99.99739
2013,97.46029
2014,96.97484
2015,98.0951
2016,99.86013
2017,99.93238
2018,99.99949
