Year,Value
2011,3926.11787
2013,4119.45134
2015,4319.50151
