{"data":{"Year":[2000,2001,2002,2003,2004,2005,2006,2007,2008,2009,2010,2011,2013,2014,2015,2016,2017,2018],"Value":[11.848,12.08186,13.32559,13.4005,12.75941,13.00338,12.96017,12.84258,12.73311,12.38475,12.78199,12.46857,12.66024,13.35372,13.49021,13.44864,13.76128,13.34408]},"edges":[]}