Year,Degree of urbanisation,Value
2011,,13.19196
2012,,11.83037
2013,,11.64234
2014,,10.4401
2015,,10.7566
2016,,10.32813
2011,Rural,10.44172
2012,Rural,9.39654
2013,Rural,9.21818
2014,Rural,8.3128
2015,Rural,8.53369
2016,Rural,8.0852
2011,Urban,13.33973
2012,Urban,11.96116
2013,Urban,11.7735
2014,Urban,10.55544
2015,Urban,10.87842
2016,Urban,10.45108
