Year,Value
2011,0.01852
2013,0.01627
2015,0.01661
2017,0.02175
